title,time_addition,views,author
Юла - Реклама,4 года назад,16 тыс. просмотров,John Doe
РОСБАНК - Реклама,4 года назад,23 тыс. просмотров,John Doe
Остров Фантазий - Реклама,4 года назад,"3,9 тыс. просмотров",John Doe
М.Видео - Реклама,4 года назад,11 тыс. просмотров,John Doe
Лазолван Рино - Реклама,4 года назад,16 тыс. просмотров,John Doe
Вязанка - Реклама,4 года назад,27 тыс. просмотров,John Doe
Ново-Пассит - Реклама,4 года назад,20 тыс. просмотров,John Doe
Ринофлуимуцил - Реклама,4 года назад,17 тыс. просмотров,John Doe
Хилак Форте - Реклама,4 года назад,25 тыс. просмотров,John Doe
Тантум Верде - Реклама,4 года назад,13 тыс. просмотров,John Doe
WILDBERRIES - Реклама,4 года назад,34 тыс. просмотров,John Doe
Sokolov - Реклама,4 года назад,"4,8 тыс. просмотров",John Doe
OPPO - Реклама,4 года назад,"6,7 тыс. просмотров",John Doe
Maybelline New York - Реклама,4 года назад,"6,8 тыс. просмотров",John Doe
Calgon - Реклама,4 года назад,12 тыс. просмотров,John Doe
Стародворье - Реклама,4 года назад,14 тыс. просмотров,John Doe
Лена Летучая в рекламе Listerine,4 года назад,15 тыс. просмотров,John Doe
Билайн - Реклама,4 года назад,25 тыс. просмотров,John Doe
Долфин - Реклама,4 года назад,17 тыс. просмотров,John Doe
KIA Seltos - Реклама,4 года назад,"7,9 тыс. просмотров",John Doe
Бронхо-Мунал - Реклама,4 года назад,18 тыс. просмотров,John Doe
Кагоцел - Реклама,4 года назад,25 тыс. просмотров,John Doe
МегаФон Нас не догонят - Реклама,4 года назад,18 тыс. просмотров,John Doe
Polaris - Реклама,4 года назад,"5,2 тыс. просмотров",John Doe
Мелаксен - Реклама,4 года назад,12 тыс. просмотров,John Doe
Эспумизан бэби - Реклама,4 года назад,285 тыс. просмотров,John Doe
Durex Intense Orgasmic - Реклама,4 года назад,"2,8 тыс. просмотров",John Doe
LADA - Реклама,4 года назад,19 тыс. просмотров,John Doe
Borjomi - Реклама,4 года назад,"3,7 тыс. просмотров",John Doe
Delivery Club - Реклама,4 года назад,27 тыс. просмотров,John Doe
Garnier - Реклама,4 года назад,"8,2 тыс. просмотров",John Doe
L'Oreal Paris - Реклама,4 года назад,5 тыс. просмотров,John Doe
Тримедат - Реклама,4 года назад,14 тыс. просмотров,John Doe
Пенталгин - Реклама,4 года назад,40 тыс. просмотров,John Doe
Микролакс - Реклама,4 года назад,23 тыс. просмотров,John Doe
Лонгидаза (короткая версия) - Реклама,4 года назад,14 тыс. просмотров,John Doe
АнтиГриппин - Реклама,4 года назад,18 тыс. просмотров,John Doe
Ингавирин - Реклама,4 года назад,16 тыс. просмотров,John Doe
L’Oréal Paris - Реклама,4 года назад,"8,5 тыс. просмотров",John Doe
Carte Noire - Реклама,4 года назад,"6,2 тыс. просмотров",John Doe
Чудо - Реклама,4 года назад,39 тыс. просмотров,John Doe
Apple Arcade - Реклама,4 года назад,5 тыс. просмотров,John Doe
WILDBERRIES - Реклама,4 года назад,46 тыс. просмотров,John Doe
Schweppes - Реклама,4 года назад,4 тыс. просмотров,John Doe
Colgate - Реклама,4 года назад,11 тыс. просмотров,John Doe
Гутталакс - Реклама,4 года назад,17 тыс. просмотров,John Doe
Работа.ру - Реклама,4 года назад,"4,1 тыс. просмотров",John Doe
TELE2 - Реклама,4 года назад,5 тыс. просмотров,John Doe
Fructis - Реклама,4 года назад,8 тыс. просмотров,John Doe
Почта Банк - Реклама,4 года назад,3 тыс. просмотров,John Doe
Простамол Уно - Реклама,4 года назад,29 тыс. просмотров,John Doe
Лазолван - Реклама,4 года назад,23 тыс. просмотров,John Doe
Huggies Elite Soft - Реклама,4 года назад,13 тыс. просмотров,John Doe
ESTEL - Реклама,4 года назад,18 тыс. просмотров,John Doe
Доктор МОМ - Реклама,4 года назад,28 тыс. просмотров,John Doe
Лиотон - Реклама,4 года назад,31 тыс. просмотров,John Doe
Йодомарин - Реклама,4 года назад,20 тыс. просмотров,John Doe
Orbit - Реклама,4 года назад,"4,2 тыс. просмотров",John Doe
Лонгидаза - Реклама,4 года назад,18 тыс. просмотров,John Doe
Tinkoff Black - Реклама,4 года назад,"1,7 тыс. просмотров",John Doe
TOYOTA Camry S-Edition - Реклама,4 года назад,7 тыс. просмотров,John Doe
LEXUS - Реклама,4 года назад,"7,6 тыс. просмотров",John Doe
МТС - Реклама,4 года назад,"7,8 тыс. просмотров",John Doe
DomClick от Сбербанка - Реклама,4 года назад,"2,1 тыс. просмотров",John Doe
БЛАДШОТ - Реклама,4 года назад,"1,4 тыс. просмотров",John Doe
Персен - Реклама 2,4 года назад,11 тыс. просмотров,John Doe
Персен - Реклама,4 года назад,13 тыс. просмотров,John Doe
Askona - Реклама,4 года назад,"2,2 тыс. просмотров",John Doe
Тинькофф Платинум - Реклама,4 года назад,"3,7 тыс. просмотров",John Doe
Слабилен - Реклама,4 года назад,17 тыс. просмотров,John Doe
Takayama - Реклама,4 года назад,"4,4 тыс. просмотров",John Doe
WILDBERRIES Pampers - Реклама,4 года назад,28 тыс. просмотров,John Doe
Adrenaline Rush - Реклама,4 года назад,3 тыс. просмотров,John Doe
RedBull - Реклама,4 года назад,26 тыс. просмотров,John Doe
Мелаксен - Реклама,4 года назад,16 тыс. просмотров,John Doe
БКС Мир инвестиций - Реклама,4 года назад,"2,9 тыс. просмотров",John Doe
Фастум Гель - Реклама,4 года назад,19 тыс. просмотров,John Doe
Почта Банк - Реклама 2,4 года назад,"3,6 тыс. просмотров",John Doe
GLISS KUR - Реклама,4 года назад,12 тыс. просмотров,John Doe
Гептрал - Реклама,4 года назад,31 тыс. просмотров,John Doe
BonAqua - Реклама,4 года назад,"2,6 тыс. просмотров",John Doe
Сбербанк для малого бизнеса - Реклама,4 года назад,"2,8 тыс. просмотров",John Doe
Креон - Реклама,4 года назад,35 тыс. просмотров,John Doe
Дексалгин 25 - Реклама,4 года назад,26 тыс. просмотров,John Doe
Альфа Банк - Реклама,4 года назад,"7,3 тыс. просмотров",John Doe
TOYOTA RAV4 - Реклама,4 года назад,"6,8 тыс. просмотров",John Doe
Спортмастер - Реклама,4 года назад,"2,8 тыс. просмотров",John Doe
Лента KAMIS - Реклама,4 года назад,51 тыс. просмотров,John Doe
ИРС 19 - Реклама,4 года назад,47 тыс. просмотров,John Doe
Ostin - Реклама,4 года назад,"4,3 тыс. просмотров",John Doe
HAVAL F7 - Реклама,4 года назад,"4,8 тыс. просмотров",John Doe
Woolite Premium - Реклама,4 года назад,"4,4 тыс. просмотров",John Doe
Додо Пицца - Реклама,4 года назад,17 тыс. просмотров,John Doe
Ибуклин - Реклама,4 года назад,22 тыс. просмотров,John Doe
Ласка - Реклама,4 года назад,13 тыс. просмотров,John Doe
Эссенциале Форте Н - Реклама,4 года назад,15 тыс. просмотров,John Doe
Халва - Реклама,4 года назад,"3,3 тыс. просмотров",John Doe
Фестал - Реклама,4 года назад,10 тыс. просмотров,John Doe
Starbucks - Реклама,4 года назад,13 тыс. просмотров,John Doe
РиноСТОП - Реклама,4 года назад,19 тыс. просмотров,John Doe
Лента GLISS KUR - Реклама,4 года назад,33 тыс. просмотров,John Doe
Витапрост - Реклама,4 года назад,25 тыс. просмотров,John Doe
Називин - Реклама,4 года назад,23 тыс. просмотров,John Doe
Дары Кубани - Реклама,4 года назад,"5,5 тыс. просмотров",John Doe
АЦЦ Лонг - Реклама,4 года назад,18 тыс. просмотров,John Doe
Фервекс - Реклама,4 года назад,12 тыс. просмотров,John Doe
Стрепсилс - Реклама,4 года назад,59 тыс. просмотров,John Doe
Гевискон - Реклама,4 года назад,17 тыс. просмотров,John Doe
М.Видео Haier - Реклама,4 года назад,11 тыс. просмотров,John Doe
Winner Мираторг - Реклама,4 года назад,12 тыс. просмотров,John Doe
Макфест - Реклама,4 года назад,13 тыс. просмотров,John Doe
Газпром - Реклама,4 года назад,155 тыс. просмотров,John Doe
Спасибо от Сбербанка - Реклама,4 года назад,"7,3 тыс. просмотров",John Doe
Garnier Color Naturals - Реклама,4 года назад,"8,7 тыс. просмотров",John Doe
Whiskas - Реклама,4 года назад,"4,5 тыс. просмотров",John Doe
Turkish Airlines - Реклама,4 года назад,16 тыс. просмотров,John Doe
WILDBERRIES Sokolov - Реклама,4 года назад,19 тыс. просмотров,John Doe
Имунеле - Реклама,4 года назад,10 тыс. просмотров,John Doe
Пиво Мотор безалкогольное - Реклама,4 года назад,"4,9 тыс. просмотров",John Doe
Volkswagen Touareg Business - Реклама,4 года назад,12 тыс. просмотров,John Doe
Магне B6 форте - Реклама,4 года назад,22 тыс. просмотров,John Doe
ПСБ Кредит для бизнеса - Реклама,4 года назад,"2,8 тыс. просмотров",John Doe
Tiret Turbo - Реклама,4 года назад,11 тыс. просмотров,John Doe
Велсон - Реклама,4 года назад,"7,8 тыс. просмотров",John Doe
Линекс Форте - Реклама,4 года назад,19 тыс. просмотров,John Doe
Эльдорадо - Реклама 2020,4 года назад,21 тыс. просмотров,John Doe
Lexus GX и LX - Реклама,4 года назад,"5,8 тыс. просмотров",John Doe
М.Видео - Реклама 2020,4 года назад,"7,1 тыс. просмотров",John Doe
Фитолакс - Реклама,4 года назад,84 тыс. просмотров,John Doe
Пятёрочка - Реклама 2020,4 года назад,25 тыс. просмотров,John Doe
Cadillac XT5 - Реклама,4 года назад,"3,5 тыс. просмотров",John Doe
Milka - Реклама,4 года назад,"2,9 тыс. просмотров",John Doe
McDonald's Биг Тейсти Джуниор - Реклама,4 года назад,"6,1 тыс. просмотров",John Doe
Агуша - Реклама,4 года назад,45 тыс. просмотров,John Doe
М.Видео - Реклама 2020,4 года назад,"8,9 тыс. просмотров",John Doe
Syos Men - Реклама,4 года назад,"3,7 тыс. просмотров",John Doe
Audi A6 - Реклама,4 года назад,"5,5 тыс. просмотров",John Doe
Райффайзен Банк - Реклама 2020,4 года назад,60 тыс. просмотров,John Doe
Sravni.ru - Реклама,4 года назад,"5,6 тыс. просмотров",John Doe
S7 Tinkoff - Реклама,4 года назад,"5,8 тыс. просмотров",John Doe
Альфа Банк Навсегда - Реклама 2020,4 года назад,"2,6 тыс. просмотров",John Doe
МТС Go-Smart - Реклама,4 года назад,"4,3 тыс. просмотров",John Doe
Ozon Philips Avent - Реклама,4 года назад,"6,8 тыс. просмотров",John Doe
Гинкоум - Реклама,4 года назад,30 тыс. просмотров,John Doe
Императорский монетный двор - Реклама,4 года назад,19 тыс. просмотров,John Doe
Bref - Реклама,4 года назад,"4,9 тыс. просмотров",John Doe
Bridgestone Blizzak - Реклама,4 года назад,"1,8 тыс. просмотров",John Doe
Райффайзен Банк - Реклама 2020,4 года назад,26 тыс. просмотров,John Doe
Лента TUI - Реклама,4 года назад,14 тыс. просмотров,John Doe
KFC Сандерс Баскет - Реклама,4 года назад,59 тыс. просмотров,John Doe
Лента Свиной окорок - Реклама,4 года назад,41 тыс. просмотров,John Doe
KFC Сандерс Баскет - Реклама,4 года назад,44 тыс. просмотров,John Doe
Delivery Club McDonald's - Реклама,4 года назад,44 тыс. просмотров,John Doe
Дром - Реклама,4 года назад,4 тыс. просмотров,John Doe
Россия Щедрая Душа - Реклама,4 года назад,11 тыс. просмотров,John Doe
ВТБ - Реклама,4 года назад,"4,8 тыс. просмотров",John Doe
"BonPrix - Реклама, весна 2020",4 года назад,"1,9 тыс. просмотров",John Doe
Энтерозоо - Реклама,4 года назад,19 тыс. просмотров,John Doe
Alpen Gold - Реклама,4 года назад,"7,6 тыс. просмотров",John Doe
Elseve Длина мечты - Реклама,4 года назад,"7,1 тыс. просмотров",John Doe
HSR Браслет Кардио плюс - Реклама,4 года назад,"4,7 тыс. просмотров",John Doe
HSR Летняя обувь Комфорт - Реклама,4 года назад,27 тыс. просмотров,John Doe
J-7 Fresh Taste - Реклама,4 года назад,"7,1 тыс. просмотров",John Doe
Пятёрочка Россия щедрая душа - Реклама,4 года назад,67 тыс. просмотров,John Doe
Пятёрочка Фруктовый сад - Реклама,4 года назад,78 тыс. просмотров,John Doe
Глицин Форте Эвалар - Реклама,4 года назад,35 тыс. просмотров,John Doe
Ци-клим Аланин Эвалар - Реклама,4 года назад,21 тыс. просмотров,John Doe
KFC Сандерс Баскет - Релкама,4 года назад,39 тыс. просмотров,John Doe
HSR Кожаная сумка Римские каникулы - Реклама,4 года назад,8 тыс. просмотров,John Doe
Opel Grandland X - Реклама,4 года назад,"4,1 тыс. просмотров",John Doe
Элевит-1 - Реклама,4 года назад,25 тыс. просмотров,John Doe
Nestle - Реклама,4 года назад,17 тыс. просмотров,John Doe
Экзодерил - Реклама,4 года назад,32 тыс. просмотров,John Doe
Эргоферон - Реклама,4 года назад,19 тыс. просмотров,John Doe
Терафлекс - Реклама,4 года назад,30 тыс. просмотров,John Doe
Huggies Elite Soft - Реклама,4 года назад,29 тыс. просмотров,John Doe
Магнит косметик Lenor - Реклама,4 года назад,79 тыс. просмотров,John Doe
Askona - Реклама 2020,4 года назад,"1,6 тыс. просмотров",John Doe
Rexona - Реклама,4 года назад,"3,2 тыс. просмотров",John Doe
Purina Gourmet - Реклама,4 года назад,11 тыс. просмотров,John Doe
Троксевазин Нео - Реклама,4 года назад,18 тыс. просмотров,John Doe
Аскофен-П и Аскофен Ультра - Реклама,4 года назад,16 тыс. просмотров,John Doe
ФрутоНяня - Реклама,4 года назад,8 тыс. просмотров,John Doe
"МегаФон: Всё, что меня касается - Реклама 2020",4 года назад,15 тыс. просмотров,John Doe
Билайн: Близкие люди - Реклама 2020,4 года назад,23 тыс. просмотров,John Doe
Wink Ростелеком - Реклама,4 года назад,"7,8 тыс. просмотров",John Doe
Отривин Экспресс - Реклама,4 года назад,24 тыс. просмотров,John Doe
Даниссимо - Реклама,4 года назад,"6,3 тыс. просмотров",John Doe
KFC Такос - Реклама,4 года назад,30 тыс. просмотров,John Doe
ТераФлю Макс - Реклама,4 года назад,15 тыс. просмотров,John Doe
Vichy Neovadiol - Реклама,4 года назад,"3,3 тыс. просмотров",John Doe
Амбробене - Реклама,4 года назад,20 тыс. просмотров,John Doe
Lays - Реклама,4 года назад,"3,2 тыс. просмотров",John Doe
Афобазол - Реклама,4 года назад,18 тыс. просмотров,John Doe
Maggi - Реклама,4 года назад,"8,3 тыс. просмотров",John Doe
Head&Shoulders Men Ultra Detox - Реклама,4 года назад,"4,6 тыс. просмотров",John Doe
Макфест - Реклама,4 года назад,11 тыс. просмотров,John Doe
Альфа Банк - Реклама,4 года назад,12 тыс. просмотров,John Doe
McDonald's Двойной Биг Тейсти - Реклама,4 года назад,"4,6 тыс. просмотров",John Doe
Мотрин - Реклама,4 года назад,16 тыс. просмотров,John Doe
Purina Friskies - Реклама,4 года назад,9 тыс. просмотров,John Doe
Райффайзен Банк - Реклама 2020,4 года назад,21 тыс. просмотров,John Doe
Mercedes-AMG - Реклама,4 года назад,"2,7 тыс. просмотров",John Doe
М.Видео - Реклама 2020,4 года назад,"6,7 тыс. просмотров",John Doe
Home Credit Bank - Реклама,4 года назад,"2,3 тыс. просмотров",John Doe
Total Quartz - Реклама,4 года назад,"6,4 тыс. просмотров",John Doe
Nescafe - Реклама,4 года назад,3 тыс. просмотров,John Doe
ДомКлик от Сбербанка - Реклама,4 года назад,"5,3 тыс. просмотров",John Doe
Twix - Реклама,4 года назад,11 тыс. просмотров,John Doe
Jacobs Millicano - Реклама,4 года назад,19 тыс. просмотров,John Doe
Активиа - Реклама,4 года назад,48 тыс. просмотров,John Doe
Альфа Банк - Реклама (полная версия) 2020,4 года назад,"3,7 тыс. просмотров",John Doe
KitKat Senses - Реклама,4 года назад,31 тыс. просмотров,John Doe
Garnier Olia - Реклама,4 года назад,"5,7 тыс. просмотров",John Doe
Гастал - Реклама,4 года назад,13 тыс. просмотров,John Doe
Уралсиб - Реклама,4 года назад,"3,6 тыс. просмотров",John Doe
Дюспаталин - Реклама,4 года назад,14 тыс. просмотров,John Doe
Nespresso Vertuo - Реклама,4 года назад,"2,8 тыс. просмотров",John Doe
Samsung Galaxy S20 - Реклама,4 года назад,"3,1 тыс. просмотров",John Doe
Samsung Galaxy S20 в продаже - Реклама,4 года назад,"2,7 тыс. просмотров",John Doe
KFC Боксмастер - Реклама,4 года назад,56 тыс. просмотров,John Doe
Nescafe Gold - Реклама,4 года назад,"3,9 тыс. просмотров",John Doe
Cosmopolitan в апреле - Реклама 2020,4 года назад,"1,7 тыс. просмотров",John Doe
Вокруг Света в апреле - Реклама 2020,4 года назад,"2,1 тыс. просмотров",John Doe
Snickers - Реклама,4 года назад,"5,2 тыс. просмотров",John Doe
Лента - Реклама 2020,4 года назад,54 тыс. просмотров,John Doe
Магнит: Zewa - Реклама 2020,4 года назад,117 тыс. просмотров,John Doe
Магнит: Черкизово - Реклама 2020,4 года назад,122 тыс. просмотров,John Doe
Магнит Косметик: Bref - Реклама 2020,4 года назад,124 тыс. просмотров,John Doe
WILDBERRIES Xiaomi - Реклама,4 года назад,26 тыс. просмотров,John Doe
AliExpress - Реклама,4 года назад,"4,3 тыс. просмотров",John Doe
Кагоцел - Реклама,4 года назад,17 тыс. просмотров,John Doe
Лоцерил - Реклама,4 года назад,11 тыс. просмотров,John Doe
Компливит - Реклама,4 года назад,18 тыс. просмотров,John Doe
Дюфалак - Реклама,4 года назад,27 тыс. просмотров,John Doe
ФрутоНяня - Реклама,4 года назад,11 тыс. просмотров,John Doe
Burger King Королевские креветки - Реклама,4 года назад,"2,4 тыс. просмотров",John Doe
Коделак Бронхо - Реклама,4 года назад,19 тыс. просмотров,John Doe
Фосфоглив - Реклама,4 года назад,11 тыс. просмотров,John Doe
Супрадин - Реклама,4 года назад,70 тыс. просмотров,John Doe
PediaSure Малоежка - Реклама,4 года назад,"5,6 тыс. просмотров",John Doe
Fruttis Нуттис - Реклама,4 года назад,10 тыс. просмотров,John Doe
BMW X5/6 M - Реклама,4 года назад,"4,5 тыс. просмотров",John Doe
Додо Пицца - Реклама,4 года назад,"7,8 тыс. просмотров",John Doe
Магнит Косметик Nivea - Реклама,4 года назад,111 тыс. просмотров,John Doe
AliExpress - Реклама,4 года назад,"2,2 тыс. просмотров",John Doe
Coca-Cola - Реклама,4 года назад,"5,3 тыс. просмотров",John Doe
Winner Мираторг - Реклама,4 года назад,9 тыс. просмотров,John Doe
Пельмени Мираторг - Реклама,4 года назад,19 тыс. просмотров,John Doe
Но-шпа форте - Реклама,4 года назад,17 тыс. просмотров,John Doe
AliExpress - Реклама,4 года назад,"1,7 тыс. просмотров",John Doe
Carlsberg - Реклама,4 года назад,17 тыс. просмотров,John Doe
Sintec - Реклама,4 года назад,"2,5 тыс. просмотров",John Doe
Volkswagen Multivan 6.1 - Реклама,4 года назад,14 тыс. просмотров,John Doe
Gillette Skinguard Sensitive - Реклама,4 года назад,"3,6 тыс. просмотров",John Doe
Kixx - Реклама,4 года назад,3 тыс. просмотров,John Doe
Банк Точка - Реклама,4 года назад,"2,7 тыс. просмотров",John Doe
Авито Авто - Реклама,4 года назад,"3,7 тыс. просмотров",John Doe
Duracell - Реклама,4 года назад,121 тыс. просмотров,John Doe
Авито Авто - Реклама,4 года назад,"3,6 тыс. просмотров",John Doe
Спазмалгон - Реклама,4 года назад,74 тыс. просмотров,John Doe
Фитолизин - Реклама,4 года назад,12 тыс. просмотров,John Doe
Контрактубекс - Реклама,4 года назад,13 тыс. просмотров,John Doe
Акридерм ГК - Реклама,4 года назад,"8,8 тыс. просмотров",John Doe
hh.ru - Реклама,4 года назад,"4,8 тыс. просмотров",John Doe
hh.ru - Реклама,4 года назад,"4,5 тыс. просмотров",John Doe
Фетакса - Реклама,4 года назад,"4,2 тыс. просмотров",John Doe
Kinder Сюрприз - Реклама,4 года назад,15 тыс. просмотров,John Doe
O.b. ProComfort - Реклама,4 года назад,"2,9 тыс. просмотров",John Doe
AliExpress - Реклама,4 года назад,"1,9 тыс. просмотров",John Doe
TELE2 - Реклама 2020,4 года назад,12 тыс. просмотров,John Doe
Curtis Виноград - Реклама,4 года назад,4 тыс. просмотров,John Doe
Нурофен - Реклама,4 года назад,27 тыс. просмотров,John Doe
Эспумизан - Реклама,4 года назад,38 тыс. просмотров,John Doe
Sintec Мультифриз - Реклама,4 года назад,"1,7 тыс. просмотров",John Doe
ДомКлик от Сбербанка - Реклама,4 года назад,"3,4 тыс. просмотров",John Doe
Перекрёсток - Реклама,4 года назад,"4,1 тыс. просмотров",John Doe
Mitsubishi Outlander - Реклама,4 года назад,"9,3 тыс. просмотров",John Doe
Беру! - Реклама,4 года назад,"2,7 тыс. просмотров",John Doe
WILDBERRIES - Реклама 2020,4 года назад,40 тыс. просмотров,John Doe
BILLA Parmalat - Реклама,4 года назад,"6,1 тыс. просмотров",John Doe
FixPrice - Реклама 2020,4 года назад,18 тыс. просмотров,John Doe
Delivery Club - Реклама 2020,4 года назад,46 тыс. просмотров,John Doe
МакАвто и МакДоставка: Биг Мак сет Для Друзей - Реклама,4 года назад,10 тыс. просмотров,John Doe
МакДоставка: Роял - Реклама 2020,4 года назад,"7,4 тыс. просмотров",John Doe
KFC Баскет Дуэт - Реклама,4 года назад,32 тыс. просмотров,John Doe
МегаФон: Денис дома - Реклама 2020,4 года назад,28 тыс. просмотров,John Doe
Промсвязьбанк - Реклама,4 года назад,"3,3 тыс. просмотров",John Doe
Магнит Косметик: BIC - Реклама,4 года назад,76 тыс. просмотров,John Doe
Пимафуцин - Реклама,4 года назад,15 тыс. просмотров,John Doe
Lada Vesta - Реклама,4 года назад,"7,1 тыс. просмотров",John Doe
Совкомбанк - Реклама,4 года назад,"2,7 тыс. просмотров",John Doe
Магнелис B6 - Реклама,4 года назад,12 тыс. просмотров,John Doe
KIXX - Реклама,4 года назад,"2,4 тыс. просмотров",John Doe
NIVEA Cellular Filler - Реклама,4 года назад,"5,6 тыс. просмотров",John Doe
Ecco - Реклама,4 года назад,2 тыс. просмотров,John Doe
Вольтарен - Реклама,4 года назад,12 тыс. просмотров,John Doe
Простоквашино - Реклама,4 года назад,120 тыс. просмотров,John Doe
Toyota RAV4 - Реклама,4 года назад,5 тыс. просмотров,John Doe
AXE Кожа и печеньки - Реклама,4 года назад,"4,9 тыс. просмотров",John Doe
Почта Банк МИР - Реклама,4 года назад,"2,5 тыс. просмотров",John Doe
Miller - Реклама,4 года назад,"2,8 тыс. просмотров",John Doe
Durex - Реклама,4 года назад,"2,4 тыс. просмотров",John Doe
WILDBERRIES Finn Flare - Реклама,4 года назад,17 тыс. просмотров,John Doe
Contex - Реклама,4 года назад,"3,1 тыс. просмотров",John Doe
Хит Магнит: Бабаевский - Реклама,4 года назад,105 тыс. просмотров,John Doe
Халва - Реклама,4 года назад,"3,2 тыс. просмотров",John Doe
Ренгалин - Реклама,4 года назад,32 тыс. просмотров,John Doe
Русское Лото - Реклама,4 года назад,"5,8 тыс. просмотров",John Doe
Closeup - Реклама,4 года назад,"3,9 тыс. просмотров",John Doe
Нурофен Экспресс Форте - Реклама,4 года назад,25 тыс. просмотров,John Doe
Tiret - Реклама,4 года назад,"5,7 тыс. просмотров",John Doe
Clear - Реклама,4 года назад,"7,3 тыс. просмотров",John Doe
Гексорал - Реклама,4 года назад,15 тыс. просмотров,John Doe
Работа.ру - Реклама,4 года назад,"1,7 тыс. просмотров",John Doe
Auto.ru - Реклама,4 года назад,"2,8 тыс. просмотров",John Doe
Tide - Реклама,4 года назад,23 тыс. просмотров,John Doe
MyACUVUE - Реклама,4 года назад,"4,3 тыс. просмотров",John Doe
TRESemme - Реклама,4 года назад,10 тыс. просмотров,John Doe
Ролтон - Реклама,4 года назад,10 тыс. просмотров,John Doe
Виброцил - Реклама,4 года назад,41 тыс. просмотров,John Doe
Пенталгин - Реклама,4 года назад,11 тыс. просмотров,John Doe
СберМаркет - Реклама,4 года назад,"6,5 тыс. просмотров",John Doe
Auto.ru - Реклама,4 года назад,"2,2 тыс. просмотров",John Doe
ИКЕА 20 лет в России - Реклама,4 года назад,"4,3 тыс. просмотров",John Doe
Lavazza - Реклама,4 года назад,"3,1 тыс. просмотров",John Doe
Билайн - Реклама,4 года назад,16 тыс. просмотров,John Doe
Барс - Реклама,4 года назад,"4,8 тыс. просмотров",John Doe
LADA Vesta - Реклама,4 года назад,10 тыс. просмотров,John Doe
J-7 - Реклама,4 года назад,"6,2 тыс. просмотров",John Doe
Richard - Реклама,4 года назад,10 тыс. просмотров,John Doe
Работа.ру - Реклама,4 года назад,"2,8 тыс. просмотров",John Doe
Ролтон - Реклама,4 года назад,"4,5 тыс. просмотров",John Doe
Лента Nescafe Gold - Реклама,4 года назад,57 тыс. просмотров,John Doe
Корега Комфорт - Реклама,4 года назад,"3,2 тыс. просмотров",John Doe
Корега - Реклама,4 года назад,"3,1 тыс. просмотров",John Doe
Ролтон - Реклама,4 года назад,"5,1 тыс. просмотров",John Doe
Alpen Gold - Реклама,4 года назад,"5,7 тыс. просмотров",John Doe
Alpen Gold - Реклама,4 года назад,"8,4 тыс. просмотров",John Doe
Перекрёсток 25 лет - Реклама,4 года назад,10 тыс. просмотров,John Doe
Galaxy S20 - Реклама,4 года назад,10 тыс. просмотров,John Doe
Зинерит - Реклама,4 года назад,34 тыс. просмотров,John Doe
Мария Кухни - Реклама,4 года назад,"2,2 тыс. просмотров",John Doe
Ritter Sport - Реклама,4 года назад,34 тыс. просмотров,John Doe
Kotex - Реклама,4 года назад,"8,4 тыс. просмотров",John Doe
FixPrice - Реклама,4 года назад,40 тыс. просмотров,John Doe
FixPrice Кукуруза - Реклама,4 года назад,25 тыс. просмотров,John Doe
Микодерил - Реклама,4 года назад,48 тыс. просмотров,John Doe
Зодак - Реклама,4 года назад,19 тыс. просмотров,John Doe
Тизин - Реклама,4 года назад,21 тыс. просмотров,John Doe
Терафлекс Крем - Реклама,4 года назад,47 тыс. просмотров,John Doe
Дексонал - Реклама,4 года назад,11 тыс. просмотров,John Doe
Максилак - Реклама,4 года назад,11 тыс. просмотров,John Doe
Бепантен Derma - Реклама,4 года назад,12 тыс. просмотров,John Doe
Бепантен Derma - Реклама,4 года назад,12 тыс. просмотров,John Doe
Тинькофф Инвестиции - Реклама,4 года назад,"2,1 тыс. просмотров",John Doe
Tinkoff Black - Реклама,4 года назад,"6,6 тыс. просмотров",John Doe
Пенсионный фонд России: ЭТК - Реклама,4 года назад,"3,5 тыс. просмотров",John Doe
Old Spice - Реклама,4 года назад,"9,3 тыс. просмотров",John Doe
Estee Lauder - Реклама,4 года назад,"2,9 тыс. просмотров",John Doe
Слобода - Реклама,4 года назад,"6,1 тыс. просмотров",John Doe
Никоретте - Реклама,4 года назад,7 тыс. просмотров,John Doe
Открытие - Реклама,4 года назад,"2,4 тыс. просмотров",John Doe
Jacobs Expertenröstung - Реклама,4 года назад,"4,7 тыс. просмотров",John Doe
Горячая штучка - Реклама,4 года назад,"3,3 тыс. просмотров",John Doe
Авто Радио - Реклама,4 года назад,14 тыс. просмотров,John Doe
Куб! от Билайн - Реклама,4 года назад,11 тыс. просмотров,John Doe
М.Видео HUAWEI P40 lite - Реклама,4 года назад,"6,8 тыс. просмотров",John Doe
МТС - Реклама,4 года назад,"6,6 тыс. просмотров",John Doe
Dreamies - Реклама,4 года назад,41 тыс. просмотров,John Doe
Epica - Реклама,4 года назад,2 тыс. просмотров,John Doe
KFC чат-бот - Реклама,4 года назад,28 тыс. просмотров,John Doe
Чёрный жемчуг - Реклама,4 года назад,"2,8 тыс. просмотров",John Doe
Сады Придонья - Реклама,4 года назад,"5,8 тыс. просмотров",John Doe
Россия щедрая душа Золотая марка - Реклама,4 года назад,16 тыс. просмотров,John Doe
Жигули Пиво - Реклама,4 года назад,"2,7 тыс. просмотров",John Doe
Pedigree - Реклама,4 года назад,23 тыс. просмотров,John Doe
Nivea - Реклама,4 года назад,8 тыс. просмотров,John Doe
Whiskas - Реклама,4 года назад,"5,3 тыс. просмотров",John Doe
Pedigree Denta Stix - Реклама,4 года назад,12 тыс. просмотров,John Doe
ВТБ - Реклама,4 года назад,"3,2 тыс. просмотров",John Doe
ХрусTeam Багет - Реклама,4 года назад,10 тыс. просмотров,John Doe
Столото - Реклама,4 года назад,"5,5 тыс. просмотров",John Doe
Solar Power - Реклама,4 года назад,"9,6 тыс. просмотров",John Doe
Domestos - Реклама,4 года назад,"4,5 тыс. просмотров",John Doe
ФрутоНяня 20 лет - Реклама,4 года назад,"6,5 тыс. просмотров",John Doe
Nutella - Реклама,4 года назад,"6,8 тыс. просмотров",John Doe
Яндекс.Еда - Реклама,4 года назад,"4,6 тыс. просмотров",John Doe
Hyundai Solaris - Реклама,4 года назад,21 тыс. просмотров,John Doe
МТС Smartсеть - Реклама,4 года назад,"6,7 тыс. просмотров",John Doe
БКС Премьер - Реклама,4 года назад,"1,4 тыс. просмотров",John Doe
Ozon - Реклама,4 года назад,"4,6 тыс. просмотров",John Doe
JOOM - Реклама,4 года назад,"3,9 тыс. просмотров",John Doe
Омез - Реклама,4 года назад,"9,1 тыс. просмотров",John Doe
Kosmostars - Реклама,4 года назад,13 тыс. просмотров,John Doe
ПФР Материнский капитал - Реклама,4 года назад,"4,1 тыс. просмотров",John Doe
FixPrice Фасоль - Реклама,4 года назад,24 тыс. просмотров,John Doe
Арбидол - Реклама,4 года назад,19 тыс. просмотров,John Doe
Флебодиа 600 - Реклама,4 года назад,16 тыс. просмотров,John Doe
KFC Баскет Дуэт - Реклама,4 года назад,30 тыс. просмотров,John Doe
Смекта Суспензия - Реклама,4 года назад,25 тыс. просмотров,John Doe
Karcher - Реклама,4 года назад,"2,4 тыс. просмотров",John Doe
RedBull - Реклама,4 года назад,37 тыс. просмотров,John Doe
RedBull - Реклама,4 года назад,"7,3 тыс. просмотров",John Doe
Теремъ - Реклама,4 года назад,"2,5 тыс. просмотров",John Doe
Ситимобил - Реклама,4 года назад,3 тыс. просмотров,John Doe
Добрый - Реклама,4 года назад,"9,4 тыс. просмотров",John Doe
Winline - Реклама,4 года назад,11 тыс. просмотров,John Doe
Pepsi - Реклама,4 года назад,"1,6 тыс. просмотров",John Doe
Poker Stars - Реклама,4 года назад,"3,6 тыс. просмотров",John Doe
Яндекс.Еда - Реклама,4 года назад,12 тыс. просмотров,John Doe
МакДоналдс Кофе - Реклама,4 года назад,11 тыс. просмотров,John Doe
МакАвто и МакДоставка: Биг Мак сет Для Друзей - Реклама,4 года назад,10 тыс. просмотров,John Doe
Альфа Банк - Реклама,4 года назад,"5,2 тыс. просмотров",John Doe
Вольтарен - Реклама,4 года назад,18 тыс. просмотров,John Doe
МакДоналдс: Кофе с собой - Реклама,4 года назад,"8,8 тыс. просмотров",John Doe
Ozon - Реклама,4 года назад,7 тыс. просмотров,John Doe
Dyson PH01 - Реклама,4 года назад,"4,5 тыс. просмотров",John Doe
Delivery Club - Реклама,4 года назад,43 тыс. просмотров,John Doe
Кетонал - Реклама,4 года назад,214 тыс. просмотров,John Doe
Lay's - Реклама,4 года назад,3 тыс. просмотров,John Doe
Супрастин и Супрастинекс - Реклама,4 года назад,11 тыс. просмотров,John Doe
WILDBERRIES Pepe Jeans London - Реклама,4 года назад,13 тыс. просмотров,John Doe
Лента - Реклама,4 года назад,34 тыс. просмотров,John Doe
Purina Gourmet Натуральные рецепты - Реклама,4 года назад,12 тыс. просмотров,John Doe
Durex Real Feel - Реклама,4 года назад,"2,1 тыс. просмотров",John Doe
Африн - Реклама,4 года назад,23 тыс. просмотров,John Doe
Элькар - Реклама,4 года назад,"8,1 тыс. просмотров",John Doe
Банеоцин - Реклама,4 года назад,16 тыс. просмотров,John Doe
Эриус - Реклама,4 года назад,22 тыс. просмотров,John Doe
Ринза - Реклама,4 года назад,10 тыс. просмотров,John Doe
Greenfield и Jardin - Реклама,4 года назад,"2,4 тыс. просмотров",John Doe
Mamba - Реклама,4 года назад,73 тыс. просмотров,John Doe
Royal Canin Kitten - Реклама,4 года назад,17 тыс. просмотров,John Doe
МТС Кто звонит - Реклама,4 года назад,"4,5 тыс. просмотров",John Doe
BILLA - Реклама,4 года назад,"6,9 тыс. просмотров",John Doe
WILDBERRIES: Adidas - Реклама,4 года назад,16 тыс. просмотров,John Doe
Volkswagen Passat - Реклама,4 года назад,"8,8 тыс. просмотров",John Doe
Лента Actimel - Реклама,4 года назад,71 тыс. просмотров,John Doe
Перекрёсток - Реклама,4 года назад,"1,4 тыс. просмотров",John Doe
Kinder Pingui - Реклама,4 года назад,21 тыс. просмотров,John Doe
Кофе Jardin - Реклама,4 года назад,2 тыс. просмотров,John Doe
Альфа Банк - Реклама,4 года назад,"2,2 тыс. просмотров",John Doe
МегаФон - Реклама,4 года назад,"6,7 тыс. просмотров",John Doe
KFC Баскет дуэт - Реклама,4 года назад,15 тыс. просмотров,John Doe
Цезарь - Реклама,4 года назад,10 тыс. просмотров,John Doe
Индейка Индилайт - Реклама,4 года назад,15 тыс. просмотров,John Doe
Магнит Косметик: TRESeemme - Реклама,4 года назад,86 тыс. просмотров,John Doe
Delivery Club - Реклама,4 года назад,43 тыс. просмотров,John Doe
Сбербанк Бизнес Кэшбэк - Реклама,4 года назад,"2,6 тыс. просмотров",John Doe
Сбербанк Бизнес Кэшбэк - Реклама,4 года назад,"1,8 тыс. просмотров",John Doe
Naturella Ultra - Реклама,4 года назад,"5,8 тыс. просмотров",John Doe
Greenfield - Реклама,4 года назад,"3,2 тыс. просмотров",John Doe
Цетрин - Реклама,4 года назад,11 тыс. просмотров,John Doe
Эссенциале форте Н - Реклама,4 года назад,12 тыс. просмотров,John Doe
Dom.ru - Реклама,4 года назад,"2,6 тыс. просмотров",John Doe
Dom.ru - Реклама,4 года назад,"2,8 тыс. просмотров",John Doe
Dom.ru - Реклама,4 года назад,"1,8 тыс. просмотров",John Doe
Lamoda - Реклама 2020,4 года назад,12 тыс. просмотров,John Doe
Sheba - Реклама 2020,4 года назад,15 тыс. просмотров,John Doe
Palette - Реклама,4 года назад,"7,3 тыс. просмотров",John Doe
M&M's - Реклама,4 года назад,20 тыс. просмотров,John Doe
Alpen Gold - Реклама 2020,4 года назад,14 тыс. просмотров,John Doe
Nesquik Banana Crush - Реклама,4 года назад,34 тыс. просмотров,John Doe
Магнит: Рот Фронт - Реклама,4 года назад,83 тыс. просмотров,John Doe
Purina One - Реклама,4 года назад,19 тыс. просмотров,John Doe
Whiskas - Реклама,4 года назад,"7,4 тыс. просмотров",John Doe
Purina Pro Plan - Реклама,4 года назад,"4,9 тыс. просмотров",John Doe
HUAWEI P40 lite - Реклама,4 года назад,4 тыс. просмотров,John Doe
Galaxy S20 - Реклама,4 года назад,"3,9 тыс. просмотров",John Doe
ТераФлю - Реклама,4 года назад,22 тыс. просмотров,John Doe
Castrol Magnatec - Реклама,4 года назад,"3,3 тыс. просмотров",John Doe
Bridgestone Turanza T005 - Реклама,4 года назад,"1,3 тыс. просмотров",John Doe
Somat Gold - Реклама,4 года назад,"7,8 тыс. просмотров",John Doe
De'Longhi - Реклама,4 года назад,"2,2 тыс. просмотров",John Doe
Beko - Реклама,4 года назад,"2,8 тыс. просмотров",John Doe
Агуша - Реклама,4 года назад,"7,5 тыс. просмотров",John Doe
Спортмастер - Реклама 2020,4 года назад,"4,1 тыс. просмотров",John Doe
Детралекс - Реклама,4 года назад,17 тыс. просмотров,John Doe
БКС Мир инвестиций - Реклама,4 года назад,"2,7 тыс. просмотров",John Doe
Фенистил - Реклама,4 года назад,14 тыс. просмотров,John Doe
Actimel - Реклама 2020,4 года назад,50 тыс. просмотров,John Doe
Бетадин - Реклама,4 года назад,15 тыс. просмотров,John Doe
Aevit Librederm - Реклама,4 года назад,"2,7 тыс. просмотров",John Doe
Hochland - Реклама,4 года назад,11 тыс. просмотров,John Doe
Фетакса - Реклама,4 года назад,"6,2 тыс. просмотров",John Doe
Nemoloko - Реклама,4 года назад,22 тыс. просмотров,John Doe
Столото - Реклама 2020,4 года назад,"5,8 тыс. просмотров",John Doe
Heinz 150 лет - Реклама,4 года назад,12 тыс. просмотров,John Doe
METRO Карта гостя - Реклама,4 года назад,"6,6 тыс. просмотров",John Doe
Tiret Turbo - Реклама,4 года назад,12 тыс. просмотров,John Doe
Авито - Реклама 2020,4 года назад,"5,6 тыс. просмотров",John Doe
Goodyear - Реклама,4 года назад,"1,1 тыс. просмотров",John Doe
BILLA: Масло - Реклама,4 года назад,"6,9 тыс. просмотров",John Doe
BILLA: Докторские - Реклама 2020,4 года назад,"5,1 тыс. просмотров",John Doe
Aqua Minerale Черешня - Реклама,4 года назад,"5,7 тыс. просмотров",John Doe
Пятёрочка Somat - Реклама,4 года назад,34 тыс. просмотров,John Doe
Сибирская Коллекция - Реклама 2020,4 года назад,"7,6 тыс. просмотров",John Doe
МТС Apple Music - Реклама,4 года назад,"5,8 тыс. просмотров",John Doe
Ситилинк - Реклама,4 года назад,"7,9 тыс. просмотров",John Doe
Ситимобил Доставка - Реклама,4 года назад,"7,7 тыс. просмотров",John Doe
Krusovice - Реклама,4 года назад,"5,2 тыс. просмотров",John Doe
RedBull - Реклама,4 года назад,13 тыс. просмотров,John Doe
Домик в Деревне - Реклама,4 года назад,10 тыс. просмотров,John Doe
Curtis Лимон - Реклама,4 года назад,"4,8 тыс. просмотров",John Doe
Dyson Airwrap - Реклама,4 года назад,26 тыс. просмотров,John Doe
МТС - Реклама,4 года назад,"4,1 тыс. просмотров",John Doe
TELE2: Убедитесь в качестве связи - Реклама,4 года назад,"3,6 тыс. просмотров",John Doe
Яндекс.Маркет - Реклама,4 года назад,"9,5 тыс. просмотров",John Doe
Белебеевский - Реклама,4 года назад,"4,6 тыс. просмотров",John Doe
Амиксин - Реклама,4 года назад,"9,4 тыс. просмотров",John Doe
Losk - Реклама,4 года назад,19 тыс. просмотров,John Doe
IKEA - Реклама 2020,4 года назад,"8,9 тыс. просмотров",John Doe
METRO: Карта гостя - Реклама 2020,4 года назад,"6,2 тыс. просмотров",John Doe
Delivery Club - Реклама,4 года назад,33 тыс. просмотров,John Doe
Нобазит - Реклама,4 года назад,"6,9 тыс. просмотров",John Doe
Skittles - Реклама,4 года назад,"7,2 тыс. просмотров",John Doe
Юла - Реклама 2020,4 года назад,"5,3 тыс. просмотров",John Doe
Чистая Линия - Реклама,4 года назад,21 тыс. просмотров,John Doe
Мираторг - Реклама 2020,4 года назад,"6,2 тыс. просмотров",John Doe
Rock FM - Реклама,4 года назад,"5,6 тыс. просмотров",John Doe
hh.ru - Реклама,4 года назад,"4,8 тыс. просмотров",John Doe
Milka Lila Cake - Реклама,4 года назад,19 тыс. просмотров,John Doe
Пятёрочка - Реклама 2020,4 года назад,62 тыс. просмотров,John Doe
Яндекс.Такси Доставка - Реклама,4 года назад,12 тыс. просмотров,John Doe
Магнит: Tide - Реклама,4 года назад,85 тыс. просмотров,John Doe
WILDBERRIES: Sokolov - Реклама 2020,4 года назад,21 тыс. просмотров,John Doe
Kinder Шоколад - Реклама,4 года назад,19 тыс. просмотров,John Doe
Чудо Испанский апельсин - Реклама,4 года назад,15 тыс. просмотров,John Doe
Burger King - Реклама 2020,4 года назад,"4,7 тыс. просмотров",John Doe
Билайн Бизнес Beefree - Реклама,4 года назад,13 тыс. просмотров,John Doe
Венарус - Реклама,4 года назад,"9,6 тыс. просмотров",John Doe
Colgate Total - Реклама,4 года назад,16 тыс. просмотров,John Doe
МТС Не скучайте дома - Реклама 2020,4 года назад,50 тыс. просмотров,John Doe
Тантум Верде - Реклама,4 года назад,21 тыс. просмотров,John Doe
Тинькофф - Реклама 2020,4 года назад,"5,6 тыс. просмотров",John Doe
HUAWEI MateBook X Pro - Реклама,4 года назад,"2,6 тыс. просмотров",John Doe
Спортмастер - Реклама 2020,4 года назад,"4,7 тыс. просмотров",John Doe
Milka - Реклама,4 года назад,21 тыс. просмотров,John Doe
Лактофильтрум - Реклама,4 года назад,17 тыс. просмотров,John Doe
WILDBERRIES Oral-B - Реклама,4 года назад,19 тыс. просмотров,John Doe
ФрутоНяня - Реклама,4 года назад,74 тыс. просмотров,John Doe
Hoff - Реклама,4 года назад,10 тыс. просмотров,John Doe
Теремъ - Реклама,4 года назад,"1,8 тыс. просмотров",John Doe
Газпром Вечный огонь - Реклама 2020,4 года назад,"4,9 тыс. просмотров",John Doe
МТС - Реклама 2020,4 года назад,11 тыс. просмотров,John Doe
Доширак - Реклама,4 года назад,18 тыс. просмотров,John Doe
7UP - Реклама,4 года назад,"6,9 тыс. просмотров",John Doe
МакДоналдс: 2 Двойных Чизбургера - Реклама,4 года назад,11 тыс. просмотров,John Doe
Paulig Presidenti - Реклама,4 года назад,"6,5 тыс. просмотров",John Doe
Europa Plus - Реклама,4 года назад,"5,6 тыс. просмотров",John Doe
Пятёрочка 9 мая - Реклама,4 года назад,22 тыс. просмотров,John Doe
Head&Shoulders - Реклама,4 года назад,"3,5 тыс. просмотров",John Doe
NIVEA Care - Реклама,4 года назад,12 тыс. просмотров,John Doe
KFC Ай-Твистер - Реклама,4 года назад,36 тыс. просмотров,John Doe
KFC - Реклама 2020,4 года назад,27 тыс. просмотров,John Doe
Yota Валера - Реклама,4 года назад,"2,8 тыс. просмотров",John Doe
Solar Power - Реклама,4 года назад,"9,4 тыс. просмотров",John Doe
Газпромбанк - Реклама,4 года назад,"3,5 тыс. просмотров",John Doe
МакДоналдс Роял Сет для Семьи - Реклама,4 года назад,"7,2 тыс. просмотров",John Doe
Ariel Pods - Реклама,4 года назад,10 тыс. просмотров,John Doe
NIVEA Men - Реклама,4 года назад,"5,4 тыс. просмотров",John Doe
Пенталгин - Реклама,4 года назад,27 тыс. просмотров,John Doe
Бетадин - Реклама,4 года назад,16 тыс. просмотров,John Doe
Ренни - Реклама,4 года назад,23 тыс. просмотров,John Doe
WILDBERRIES Adidas - Реклама,4 года назад,16 тыс. просмотров,John Doe
Nescafe Classic - Реклама,4 года назад,15 тыс. просмотров,John Doe
Always Platinum - Реклама,4 года назад,14 тыс. просмотров,John Doe
Ситимобил Доставка - Реклама,4 года назад,"7,9 тыс. просмотров",John Doe
Ошейник Форесто - Реклама,4 года назад,"7,8 тыс. просмотров",John Doe
Петелинка - Реклама,4 года назад,10 тыс. просмотров,John Doe
Черкизово - Реклама,4 года назад,11 тыс. просмотров,John Doe
METRO - Реклама,4 года назад,17 тыс. просмотров,John Doe
Лента Oldenburger - Реклама,4 года назад,47 тыс. просмотров,John Doe
Универсам Верный - Реклама,4 года назад,13 тыс. просмотров,John Doe
Пятёрочка Филевская лакомка - Реклама,4 года назад,39 тыс. просмотров,John Doe
Пятёрочка Савушкин продукт - Реклама,4 года назад,51 тыс. просмотров,John Doe
Чистая Линия - Реклама,4 года назад,13 тыс. просмотров,John Doe
Магнит Curtis - Реклама,4 года назад,30 тыс. просмотров,John Doe
Медовые томаты черри - Реклама,4 года назад,"4,5 тыс. просмотров",John Doe
Столото - Реклама,4 года назад,13 тыс. просмотров,John Doe
ПИК - Реклама,4 года назад,"3,7 тыс. просмотров",John Doe
Алмагель - Реклама,4 года назад,16 тыс. просмотров,John Doe
Петруха Мастер - Реклама,4 года назад,"5,2 тыс. просмотров",John Doe
Danone - Реклама,4 года назад,"7,9 тыс. просмотров",John Doe
Лента Alpen Gold - Реклама,4 года назад,64 тыс. просмотров,John Doe
Лента Макароны 365 дней - Реклама,4 года назад,47 тыс. просмотров,John Doe
МТС Спутниковое ТВ - Реклама,4 года назад,10 тыс. просмотров,John Doe
Дорожное радио - Реклама,4 года назад,12 тыс. просмотров,John Doe
Русское радио - Реклама,4 года назад,14 тыс. просмотров,John Doe
Пятёрочка Торт Панчо - Реклама,4 года назад,42 тыс. просмотров,John Doe
FixPrice: Зефирная палочка - Реклама,4 года назад,23 тыс. просмотров,John Doe
BigBon - Реклама,4 года назад,"5,6 тыс. просмотров",John Doe
Papia - Реклама,4 года назад,"4,9 тыс. просмотров",John Doe
Чистая Линия Радуга - Реклама,4 года назад,22 тыс. просмотров,John Doe
Слово мясника - Реклама,4 года назад,10 тыс. просмотров,John Doe
Стародворье Докторская - Реклама,4 года назад,"8,7 тыс. просмотров",John Doe
Amstel - Реклама,4 года назад,"5,6 тыс. просмотров",John Doe
Трибестан - Реклама,4 года назад,"7,9 тыс. просмотров",John Doe
Твой дом - Реклама,4 года назад,"4,3 тыс. просмотров",John Doe
Ситилинк - Реклама,4 года назад,"7,6 тыс. просмотров",John Doe
Herbal Essences - Реклама,4 года назад,11 тыс. просмотров,John Doe
Maggi - Реклама,4 года назад,15 тыс. просмотров,John Doe
Село Зелёное - Реклама,4 года назад,5 тыс. просмотров,John Doe
Нурофен - Реклама,4 года назад,15 тыс. просмотров,John Doe
Pantene Pro-V - Реклама,4 года назад,5 тыс. просмотров,John Doe
Афобазол - Реклама,4 года назад,12 тыс. просмотров,John Doe
Усилитель звука Чудо-слух - Реклама,4 года назад,18 тыс. просмотров,John Doe
Линекс Форте - Реклама 2020,4 года назад,24 тыс. просмотров,John Doe
Магне B6 - Реклама,4 года назад,21 тыс. просмотров,John Doe
Ozon - Реклама 2020,4 года назад,16 тыс. просмотров,John Doe
Zewa - Реклама,4 года назад,30 тыс. просмотров,John Doe
Alpen Gold: Создай свой шоколад - Реклама,4 года назад,10 тыс. просмотров,John Doe
Fresh Bar - Реклама,4 года назад,"7,2 тыс. просмотров",John Doe
Nesquik - Реклама,4 года назад,19 тыс. просмотров,John Doe
Staropramen - Реклама,4 года назад,"3,8 тыс. просмотров",John Doe
МакДоналдс Роял Сет для Семьи - Реклама 2020,4 года назад,"9,4 тыс. просмотров",John Doe
Магнит Фруктовый Сад - Реклама,4 года назад,68 тыс. просмотров,John Doe
"Магнит с заботой о тех, кто заботится - Реклама",4 года назад,23 тыс. просмотров,John Doe
Danone Мама я поел - Реклама,4 года назад,22 тыс. просмотров,John Doe
Mr. Proper - реклама,4 года назад,29 тыс. просмотров,John Doe
Совкомбанк - Реклама,4 года назад,"7,6 тыс. просмотров",John Doe
Lays FOX - Реклама,4 года назад,"9,3 тыс. просмотров",John Doe
Lacalut Aktiv - Реклама,4 года назад,22 тыс. просмотров,John Doe
Бархатные Ручки - Реклама,4 года назад,5 тыс. просмотров,John Doe
Sensodyne - Реклама,4 года назад,17 тыс. просмотров,John Doe
Felix - Реклама,4 года назад,44 тыс. просмотров,John Doe
WILDBERRIES Tefal - Реклама,4 года назад,22 тыс. просмотров,John Doe
Herber для малыша - Реклама,4 года назад,21 тыс. просмотров,John Doe
Ariel Pod - Реклама,4 года назад,17 тыс. просмотров,John Doe
Детралекс для лечения геморроя - Реклама,4 года назад,21 тыс. просмотров,John Doe
Бон Пари - Реклама,4 года назад,56 тыс. просмотров,John Doe
МТС Первый месяц бесплатно - Реклама,4 года назад,"7,8 тыс. просмотров",John Doe
Пенталгин Экстра-гель - Реклама,4 года назад,23 тыс. просмотров,John Doe
Пенталгин Экстра-гель - Реклама,4 года назад,27 тыс. просмотров,John Doe
Пава-Пава - Реклама,4 года назад,20 тыс. просмотров,John Doe
FixPrice Салфетки - Реклама,3 года назад,33 тыс. просмотров,John Doe
FixPrice Крекеры - Реклама,3 года назад,32 тыс. просмотров,John Doe
Tuc - Реклама,3 года назад,18 тыс. просмотров,John Doe
Syoss - Реклама,3 года назад,24 тыс. просмотров,John Doe
Детрагель - Реклама,3 года назад,12 тыс. просмотров,John Doe
ФрутоНяня - Реклама,3 года назад,18 тыс. просмотров,John Doe
Сады Придонья для детей - Реклама,3 года назад,20 тыс. просмотров,John Doe
Черный жемчуг - Реклама,3 года назад,11 тыс. просмотров,John Doe
Heineken - Реклама,3 года назад,"4,9 тыс. просмотров",John Doe
Балтика 7 Мягкое - Реклама,3 года назад,11 тыс. просмотров,John Doe
Мираторг - Реклама,3 года назад,"6,1 тыс. просмотров",John Doe
Магнит Косметик Palmolive - Реклама,3 года назад,81 тыс. просмотров,John Doe
Эссенциале Форте Н - Реклама,3 года назад,28 тыс. просмотров,John Doe
Банеоцин - Реклама,3 года назад,26 тыс. просмотров,John Doe
Райффайзен Банк - Реклама 2020,3 года назад,28 тыс. просмотров,John Doe
Home Credit Bank - Реклама,3 года назад,13 тыс. просмотров,John Doe
Snickers Криспер - Реклама,3 года назад,18 тыс. просмотров,John Doe
Heineken - Реклама,3 года назад,"5,9 тыс. просмотров",John Doe
Haval F7x - Реклама,3 года назад,10 тыс. просмотров,John Doe
Чистая Линия Радуга - Реклама,3 года назад,28 тыс. просмотров,John Doe
Nesquik Какао - Реклама,3 года назад,29 тыс. просмотров,John Doe
Бульмени Горячая штучка - Реклама,3 года назад,27 тыс. просмотров,John Doe
Rexona Clinical Protection - Реклама,3 года назад,23 тыс. просмотров,John Doe
ДелоБанк - Реклама,3 года назад,"6,2 тыс. просмотров",John Doe
Schauma - Реклама,3 года назад,27 тыс. просмотров,John Doe
Domestos - Реклама,3 года назад,10 тыс. просмотров,John Doe
TELE2 - Реклама,3 года назад,"8,8 тыс. просмотров",John Doe
WHO/ВОЗ - Реклама,3 года назад,"3,3 тыс. просмотров",John Doe
Газпром Вечный огонь Керчь - Реклама,3 года назад,10 тыс. просмотров,John Doe
Мираторг - Реклама,3 года назад,12 тыс. просмотров,John Doe
Мираторг - Реклама,3 года назад,12 тыс. просмотров,John Doe
Уралсиб - Реклама,3 года назад,"6,7 тыс. просмотров",John Doe
Святой Источник - Реклама,3 года назад,14 тыс. просмотров,John Doe
Clear Men - Реклама,3 года назад,18 тыс. просмотров,John Doe
Релиф - Реклама,3 года назад,60 тыс. просмотров,John Doe
Аципол - Реклама,3 года назад,90 тыс. просмотров,John Doe
FixPrice Эфирное масло - Реклама,3 года назад,82 тыс. просмотров,John Doe
Имодиум Экспресс - Реклама,3 года назад,17 тыс. просмотров,John Doe
Газпромбанк - Реклама,3 года назад,14 тыс. просмотров,John Doe
KFC Delivery Club - Реклама,3 года назад,40 тыс. просмотров,John Doe
Avito Работа - Реклама,3 года назад,20 тыс. просмотров,John Doe
