description,author_image,Published,categories
man holding baseball bat on green field,Christopher Campbell,"September 5, 2015 (UTC)","Sports images,Baseball images,People images & pictures,Hd blue wallpapers,Sports images,People images & pictures,team,field,night,clothes,cap,Nature images,uniform,Star images,Star images,highschool,back,team sport,human,Hd softball wallpapers,Free images,People images & pictures,le persone,persona,Animals images & pictures,Hd wallpapers,outdoor,People images & pictures,human,man"
people playing baseball on field during daytime,Tomas Eidsvold,"March 11, 2020 (UTC)","New york pictures & images,brooklyn,Hd green wallpapers,usa,Baseball images,new york mets,citi field,building,People images & pictures,human,People images & pictures,team sport,team,Sports images,Sports images,Hd softball wallpapers,baseball field,arena,field,HD Wallpapers,mlb,Sports images,Baseball images,Baseball images,Sports images,Hd softball wallpapers,charle,Sports images,Baseball images"
baseball pitcher throwing some fast ball pitch,Keith Johnston,"March 14, 2017 (UTC)","Sports images,Baseball images,houston,united states,fitness,baseball equipment,speed,healthy,team,field,pitch,human,People images & pictures,People images & pictures,Hd softball wallpapers,Sports images,team sport,clothing,baseball glove,glove,HD Wallpapers,Sports images,People images & pictures,outdoor,Sports images,People images & pictures,human,People images & pictures,human,clothing"
woman in red leather jacket and white pants holding brown wooden stick,Josh Hemsley,"June 22, 2021 (UTC)","arizona,united states,stadium,performance,Bat pictures & images,ball,cleats,home run,swing,batter,mlb,hitter,major league,ballplayer,building,countryside,footwear,shoe,rural,field,Free images,la personne,Humain,Sports images,coaching,man,boy,Baseball images,Sports images,team"
aerial view of white and brown concrete building,Francisco Gonzalez,"March 24, 2018 (UTC)","baseball diamond,drone,Hd iphone wallpapers,home run,aerial,Tree images & pictures,tall,inspir,Life images & photos,aspiration,from above,pitchers mound,dirt,Brown backgrounds,Hd green wallpapers,Grass backgrounds,empty,drone view,right field,aerial view,Free images,Sports images,People images & pictures,team,time,Hd grey wallpapers,Clock images,Sports images,ball,game"
people watching baseball game during daytime,Kirk Thornton,"June 17, 2021 (UTC)","st. louis,mo,usa,Baseball images,stadium,hitter,building,human,People images & pictures,People images & pictures,arena,Sports images,baseball field,team,team sport,Hd softball wallpapers,Sports images,field,racket,tennis racket,Public domain images,Baseball images,Sports images,Hd softball wallpapers,Hd grey wallpapers,outdoor,Hd wallpapers,louis,Sports images,building"
black and white heart shape illustration,Jorgen Hendriksen,"June 7, 2021 (UTC)","championship,minimalism,Light backgrounds,Hd black wallpapers,Light backgrounds,Hd simple wallpapers,simply,Football images,Sports images,rugby,action,Baseball images,world,league,architecture,building,road,steeple,spire,street,Creative Commons images,Sports images,human,People images & pictures,Sports images,Hd grey wallpapers,human,grau,schwarz,weiß"
selective photography sports stadium,Derek Story,"April 4, 2019 (UTC)","petco park,san diego,united states,wellness,stadium,west coast,California pictures,park,petco,America images & photos,padres,Hd green wallpapers,building,arena,electronics,computer keyboard,hardware,Keyboard backgrounds,Hd computer wallpapers,computer hardware,Public domain images,action,Sports images,outdoor,California pictures,united state,san diego,san diego,Hd wave wallpapers,united state"
black and brown sticks on white surface,Winston Chen,"October 24, 2020 (UTC)","Baseball images,baseball bat,team,team sport,Hd softball wallpapers,Sports images,Sports images,Backgrounds,Light backgrounds,word,Girls photos & images,misc,Hd grey wallpapers,Money images & pictures,Baum,human,Sports images"
square brown concrete baseball base on soil,Kenny Eliason,"October 23, 2017 (UTC)","Baseball images,Sports images,Hd green wallpapers,Sports images,base,Grass backgrounds,building,arena,human,Hd softball wallpapers,People images & pictures,team sport,People images & pictures,team,baseball field,Paper backgrounds,road,gravel,dirt road,Hd brick wallpapers,Free pictures,champion,Sports images,Hd green wallpapers,People images & pictures,child,hand,Hq background images,Hd wallpapers,Hd black wallpapers"
brown leather baseball mitt with white baseball,Diana Polekhina,"May 11, 2021 (UTC)","Hq background images,base,horizontal,outfield,Spring images & pictures,sporting,field,People images & pictures,Summer images & pictures,grip,man,stitch,Hd blue wallpapers,infield,mitt,exercise,hardball,male,fun,lobster,Free stock photos,Summer images & pictures,outdoor,Animals images & pictures,murica,united state,Flag images & pictures,norm,Sports images,human"
white and red baseball on brown sand,Mark Tegethoff,"September 14, 2020 (UTC)","Baseball images,Hd grey wallpapers,hero,Hd wallpapers,Summer images & pictures,Hq background images,baseball field,clothing,apparel,Sports images,Sports images,sphere,team,team sport,tennis,tennis ball,ball,Hd softball wallpapers,glove,baseball glove,Public domain images,base-ball,des sport,Sports images,Baseball images,Sports images,field,Baseball images,Sports images,team"
blue plastic chairs,Jakob Owens,"March 9, 2018 (UTC)","Hd blue wallpapers,Sports images,Baseball images,Hd teal wallpapers,seat,Sports images,stadium,seating,number,repeating,repetitive,multiple,Hd abstract wallpapers,stadium seats,stadium seating,sportsathletics,sports photography,sports seating,chair,furniture,Public domain images,game,Sports images,Football images,blog,pandemic,covid19,team,Hd color wallpapers,Hq background images"
boy in black and white baseball jersey and helmet,Bill Stephan,"June 4, 2020 (UTC)","austin,tx,usa,helmet,clothing,apparel,human,People images & pictures,People images & pictures,Sports images,Sports images,team sport,team,Baseball images,Hd softball wallpapers,ballplayer,athlete,Creative Commons images,Baseball images,Sports images,team sport,Baseball images,Sports images,human,Baseball images,Sports images,team"
person playing baseball,Geronimo Giqueaux,"November 10, 2019 (UTC)","Sports images,helmet,apparel,clothing,People images & pictures,human,People images & pictures,Sports images,team,team sport,Hd softball wallpapers,Baseball images,crash helmet,HD Wallpapers,base-ball,des sport,Sports images,Hd softball wallpapers,Sports images,human,team sport"
a baseball player pitching a ball on top of a field,Unsplash+,"September 27, 2022 (UTC)","adult,35-39 years,one mid adult man only,sportsperson,skill,only men,sports clothing,photography,baseball player,baseball - sport,san bernardino - california,Hd blue wallpapers,horizontal,full length,usa,leisure activity,adults only,concentration,side view,standing,Free pictures,Mountain images & pictures,rock,outdoor,Hd wallpapers,Hd grey wallpapers,Hd black wallpapers,plant,Hd pink wallpapers,Flower images"
"A young family with little children preaparing for bike ride, in front of house.",Unsplash+,"September 13, 2022 (UTC)","Sports images,sports helmet,three people,Nature images,teaching,females,males,son,mid adult men,mid adult,panoramic,protection,offspring,daughter,parent,riding,small,slovakia,People images & pictures,clothing,Creative Commons images,outdoor,Hd blue wallpapers,Hd grey wallpapers,everglow,outdoor,Cloud pictures & images,Hq background images,Hd wallpapers,presentation background"
white and red baseball on brown soil during daytime,Megan Ellis,"March 24, 2020 (UTC)","ca,usa,Baseball images,California pictures,Palm tree pictures & images,Hd ocean wallpapers,details,dirt,point loma,baseball field,ballpark,point loma nazarene,Sports images,Sports images,team sport,team,clothing,Hd softball wallpapers,sphere,building,HD Wallpapers,human,clothing,female,Baseball images,Sports images,team sport,Sports images,human,People images & pictures"
black wooden bench on green grass field during daytime,benjamin hershey,"May 26, 2020 (UTC)","Sports images,Sports images,team sport,baseball glove,Hd softball wallpapers,Baseball images,Hd grey wallpapers,apparel,clothing,People images & pictures,human,People images & pictures,team,glove,Public domain images,diver,human,People images & pictures,human,Sports images,Hd grey wallpapers,post,outdoor,Hd grey wallpapers"
"Long Beach, California, USA",Unsplash+,"September 27, 2022 (UTC)","baseball field,Sports images,outdoors,California pictures,horizontal,baseball - sport,photography,baseball diamond,long beach - california,color image,two objects,baseball bat,absence,no people,day,building,team sport,team,rug,grassland,Free pictures,journey,road,outdoor,Summer images & pictures,People images & pictures,outdoor,shadow,People images & pictures,silhouette"
Handyman worker assembling furniture and fixing it.,Unsplash+,"May 3, 2023 (UTC)","kitchen,serbia,construction equipment,home interior,making,construction site,shelf,work tool,domestic room,white people,one man only,People images & pictures,apartment,adjusting,material,employment and labor,working,industry,household fixture,bolt - fastener,Public domain images,Hd grey wallpapers,outdoor,Cloud pictures & images,staircase,stair,architecture,luxury,human,accessory"
Caucasian blonde male farmer examining freshly picked vegetables in garden crouching down at sunrise in vineyards. High quality photo,Unsplash+,"April 13, 2023 (UTC)","photography,farm,adult,Women images & pictures,two people,human relationship,men,grape,affectionate,agriculture,horizontal,walking,harvesting,rural scene,color image,south africa,dating,winery,young adult,winemaking,Free stock photos,Hd grey wallpapers,outdoor,building,drone,outdoor,aerial view,wilderness,outdoor,plant"
clip on flash light,Unsplash+,"April 21, 2023 (UTC)","photography,Women images & pictures,adult,Hd color wallpapers,east asia,only women,korean ethnicity,human face,body care and beauty,denim,sitting,physical position,looking at camera,horizontal,letterman jacket,fashionable,beauty product,color image,beauty treatment,human body part,Free stock photos,field,outdoor,Grass backgrounds,table,room,indoor,Hd minimalist wallpapers,minimal,building"
a group of white balls sitting on top of a wooden floor,Unsplash+,"March 13, 2023 (UTC)","imac wallpaper,Hd laptop wallpapers,full screen wallpaper,Hd 4k wallpapers,Hd iphone wallpapers,full hd wallpaper,Hd desktop wallpapers,Hq background images,Hd wallpapers,baseball bat,Hd pattern wallpapers,indoors,interior design,Hd wood wallpapers,tennis ball,tennis,sphere,People images & pictures,pebble,text,Public domain images,Animals images & pictures,Birds images,wildlife,Hd screen wallpapers,Hd iphone wallpapers,Hd phone wallpapers,chocolate,Food images & pictures,sweet"
baseball player playing baseball in ballpark,Antoine Schibler,"June 21, 2015 (UTC)","Sports images,Baseball images,Hd green wallpapers,toronto,canada,Sports backgrounds,Hd wallpapers,Hd sports wallpapers,Sports images,player,pitch,team sport,team,human,Hd softball wallpapers,People images & pictures,People images & pictures,baseball field,building,arena,Free images,victor,Sports images,outdoor,Baseball images,Sports images,Hd softball wallpapers,Baseball images,Sports images,team"
man in white jersey shirt and pants holding baseball bat,Clayton Cardinalli,"March 17, 2020 (UTC)","Hd grey wallpapers,apparel,clothing,People images & pictures,human,People images & pictures,shoe,footwear,Sports images,team,team sport,Sports images,Baseball images,Hd softball wallpapers,baseball glove,glove,building,sphere,athlete,ballplayer,Free stock photos,athletic,Sports images,human,Baseball images,Sports images,team,Sports images,team sport,team"
boy playing baseball,Keith Johnston,"March 24, 2017 (UTC)","Bat pictures & images,swinging,concentration,focus,athlete,hitter,action,game,youth,child,play,fun,swing,backstop,glove,hit,ball,helmet,sportswear,baseball bat,Public domain images,Sports images,Hd kids wallpapers,human,Baseball images,Sports images,People images & pictures,Hd softball wallpapers,Sports images,human"
a man riding a skateboard up the side of a metal rail,Unsplash+,"August 30, 2022 (UTC)","jumping,Hd skateboard wallpapers,photography,outdoors,teenager,skill,horizontal,full length,balance,leisure activity,teenagers only,one person,agility,adventure,mid-air,clear sky,day,sunny,lens flare,incidental people,HD Wallpapers,reflective,reflection,outdoor,inspiration,Hq background images,Hd wallpapers,Astrology pictures,horoscope,zodiac sign"
a baseball player in a red and white uniform,Unsplash+,"September 27, 2022 (UTC)","side view,35-39 years,one mid adult man only,sportsperson,skill,only men,sports clothing,adult,photography,baseball player,baseball - sport,san bernardino - california,Hd blue wallpapers,horizontal,full length,usa,leisure activity,adults only,concentration,standing,HD Wallpapers,Hd grey wallpapers,minimal,Hd white wallpapers,shopping,shop,store,interior,arredamento,interni"
A portrait of excited little boy with his family at backround riding bike on path in park in summer,Unsplash+,"September 13, 2022 (UTC)","bicycle,small,parent,father,mother,four people,two parents,adult,photography,wide,preparation,Summer images & pictures,men,Family images & photos,horizontal,childhood,safety,color image,slovakia,People images & pictures,Backgrounds,Women images & pictures,People images & pictures,Girls photos & images,Life images & photos,plant,Flower images,Food images & pictures,sweet,Cake images"
"A young family with little children preapring for bike ride, putting on helmets in front of house.",Unsplash+,"September 13, 2022 (UTC)","bicycle,People images & pictures,adult,photography,preparation,Women images & pictures,assistance,Summer images & pictures,men,learning,Family images & photos,horizontal,childhood,safety,color image,child,adjusting,headwear,sports helmet,Nature images,Free images,Cloud pictures & images,outdoor,sunrise,anxiety,Hd grey wallpapers,Hd wallpapers,adventure,Hd autumn wallpapers,outdoor"
A young family with little children preaparing for bike ride in front of house.,Unsplash+,"September 13, 2022 (UTC)","bicycle,small,riding,parent,daughter,offspring,protection,father,mother,two parents,slovakia,photography,preparation,Women images & pictures,assistance,men,learning,Family images & photos,horizontal,adult,Free images,Tree images & pictures,old,hill,People images & pictures,Women images & pictures,human,outdoor,Hd grey wallpapers,weather"
"A young family with little children preaparing for bike ride, in front of house.",Unsplash+,"September 13, 2022 (UTC)","slovakia,small,riding,parent,daughter,offspring,protection,father,mother,four people,two parents,adult,photography,preparation,Women images & pictures,assistance,Summer images & pictures,men,learning,Family images & photos,Backgrounds,pathway,Hd wallpapers,Hq background images,building,united kingdom,london,architectural,architettura,costruzione"
A young family with little child riding bicycles on path in park in summer.,Unsplash+,"September 13, 2022 (UTC)","Sports images,Grass backgrounds,headwear,sports helmet,three people,Nature images,side view,males,Women images & pictures,color image,son,panoramic,photography,adult,two parents,mother,father,parent,small,slovakia,HD Wallpapers,Fall images & pictures,Hd autumn wallpapers,Hd wood wallpapers,Hd blue wallpapers,outdoor,Hq background images,urban,building,Light backgrounds"
A portrait of excited little boy with his family at backround riding bike on path in park in summer,Unsplash+,"September 13, 2022 (UTC)","bicycle,small,parent,father,mother,adult,photography,wide,preparation,Summer images & pictures,men,Family images & photos,horizontal,childhood,safety,color image,People images & pictures,child,slovakia,mature adult,Free stock photos,architecture,building,Hd city wallpapers,Creative images,Space images & pictures,office,grigio,architettura,calcestruzzo"
"A young family with little children preaparing for bike ride, in front of house.",Unsplash+,"September 14, 2022 (UTC)","slovakia,small,riding,parent,daughter,offspring,protection,father,mother,two parents,adult,photography,preparation,Women images & pictures,assistance,Summer images & pictures,men,learning,Family images & photos,horizontal,Backgrounds,violet,Light backgrounds,Hd grey wallpapers,hitched,Wedding backgrounds,marriage,plant,Hd forest wallpapers,flora"
"A young family with little children preaparing for bike ride, in front of house.",Unsplash+,"September 14, 2022 (UTC)","slovakia,small,riding,parent,daughter,offspring,protection,father,mother,two parents,adult,photography,preparation,Women images & pictures,assistance,Summer images & pictures,men,learning,Family images & photos,horizontal,Backgrounds,imaginarium,Hd grey wallpapers,People images & pictures,Hd floral wallpapers,Flower images,plant,Life images & photos,colorful,Hd color wallpapers"
clip on flash light,Unsplash+,"November 4, 2022 (UTC)","sweatshirt,fashion,japanese ethnicity,lost,beautiful people,one person,one woman only,beauty,color gradient,arranging,sit-in,females,street style,Hd color wallpapers,east asia,only women,korean ethnicity,human face,body care and beauty,contemplation,Free images,reflection,outdoor,lake,starry,night,Star images,Flower images,plant,vase"
Handyman worker assembling furniture and fixing it.,Unsplash+,"May 3, 2023 (UTC)","construction worker,men,restoring,craft,accuracy,carpenter,carpentry,males,renovation,hobbies,effort,adult,photography,manufacturing occupation,equipment,horizontal,craftsperson,human hand,repairman,one person,Public domain images,Hd blue wallpapers,outdoor,building,garden,Flower images,plant,Food images & pictures,drink,vegetable"
a gold baseball cap and a gold ball on a red background,Unsplash+,"March 13, 2023 (UTC)","baseball cap,Baseball images,Hd 4k wallpapers,full screen wallpaper,Hd laptop wallpapers,Hd wallpapers,Hq background images,Hd iphone wallpapers,Hd desktop wallpapers,render,3d render,Hd 3d wallpapers,digital image,full hd wallpaper,imac wallpaper,screensaver,hat,cap,baseball (ball),helmet,Free pictures,People images & pictures,hand,Hd grey wallpapers,long exposure,rock,outdoor,Hd blue wallpapers,Cloud pictures & images,outdoor"
Caucasian female farmer walking through vineyards with freshly picked vegetables in basket. High quality photo,Unsplash+,"April 13, 2023 (UTC)","Nature images,vineyard,grape,photography,men,human relationship,two people,Women images & pictures,adult,real people,Fruits images & pictures,embracing,males,farmer,girlfriend,bonding,couple - relationship,crop - plant,young women,pants,Free images,Horse images,Animals images & pictures,mammal,Hd grey wallpapers,hand,Hd black wallpapers,Hd waterfall wallpapers,outdoor,rock"
clip on flash light,Unsplash+,"April 21, 2023 (UTC)","photography,one woman only,Women images & pictures,portrait,adult,denim jacket,sweatshirt,fashion,japanese ethnicity,one person,arranging,sit-in,females,east asia,only women,korean ethnicity,human face,body care and beauty,denim,sitting,Free stock photos,prayer,Star images,outdoor,natural,outdoor,Hd grey wallpapers,camera,human,photographer"
Handyman worker assembling furniture and fixing it.,Unsplash+,"May 3, 2023 (UTC)","tape measure,service,repairing,material,employment and labor,working,industry,household fixture,construction material,blue-collar worker,home improvement,occupation,part of,wood - material,hobbies,renovation,males,carpentry,carpenter,accuracy,Free pictures,Hd dark wallpapers,portrait,People images & pictures,workspace,table,office,table,room,indoor"
Caucasian romantic couple walking at sunrise through farmlands and vineyards holding basket of fresh vegetables . High quality photo,Unsplash+,"April 13, 2023 (UTC)","Nature images,photography,adult,wine,young women,crop - plant,partnership - teamwork,couple - relationship,bonding,girlfriend,farmer,males,embracing,Fruits images & pictures,real people,Women images & pictures,togetherness,two people,vine - plant,romance,Public domain images,workspace,work,Website backgrounds,tech,technology,Hd grey wallpapers,Coffee images,drink,cup"
"A portrait of young family with little children preapring for bike ride, standing with bicycles in nature.",Unsplash+,"September 13, 2022 (UTC)","bicycle,small,parent,father,mother,four people,two parents,adult,photography,preparation,Summer images & pictures,men,Family images & photos,horizontal,childhood,safety,color image,People images & pictures,slovakia,child,Free images,metaphorical,People images & pictures,Hd grey wallpapers,blog,Website backgrounds,pen,chocolate,Food images & pictures,sweet"
"A young family with little children preaparing for bike ride, in front of house.",Unsplash+,"September 13, 2022 (UTC)","slovakia,small,riding,parent,daughter,offspring,protection,father,mother,four people,two parents,adult,photography,preparation,Women images & pictures,assistance,Summer images & pictures,men,learning,Family images & photos,Backgrounds,la personne,Humain,personne,Hd white wallpapers,minimal,Hd grey wallpapers,cancer,human,medical"
a group of green and white crayons on a purple background,Unsplash+,"March 13, 2023 (UTC)","Baseball images,Hd 3d wallpapers,Sports images,digital image,3d render,render,screensaver,imac wallpaper,Sports images,ball,team,game,play,object,league,field,Hd softball wallpapers,leather,glove,stick,Free images,outdoor,Hd wallpapers,Hq background images,deco-home,plant,interior,woodland,Animals images & pictures,mammal"
"a baseball bat, helmet, and ball on a red background",Unsplash+,"March 13, 2023 (UTC)","Baseball images,Sports images,Hd 3d wallpapers,digital image,3d render,render,screensaver,imac wallpaper,Hd red wallpapers,Sports images,ball,team,game,play,object,league,field,Hd softball wallpapers,leather,glove,Backgrounds,united state,Mountain images & pictures,Tree images & pictures,Mountain images & pictures,rock,outdoor,camping,outdoor,Hd wood wallpapers"
Caucasian female farmer giggling and smiling while holding fresh basket of vegetables working at sunrise on farm. High quality photo,Unsplash+,"April 13, 2023 (UTC)","Women images & pictures,farmer,Fruits images & pictures,photography,Nature images,adult,males,embracing,real people,two people,human relationship,men,grape,young women,affectionate,crop - plant,couple - relationship,bonding,girlfriend,vineyard,Backgrounds,rural,Women images & pictures,outdoor,farm to table,Women images & pictures,photography,agriculture,field,plant"
a baseball bat and a baseball on a pink surface,Unsplash+,"March 13, 2023 (UTC)","Baseball images,Sports images,Hd 3d wallpapers,Hd desktop wallpapers,digital image,3d render,render,screensaver,imac wallpaper,leather,glove,Hd softball wallpapers,field,league,team,ball,Sports images,object,play,game,Free pictures,building,architecture,Hd city wallpapers,reflective,reflection,outdoor,outdoor,Hd grey wallpapers,man"
a man sitting on a skateboard in front of a fence,Unsplash+,"September 27, 2022 (UTC)","photography,jeans,outdoors,day,copy space,curly hair,teenagers only,individuality,t-shirt,brown hair,chainlink fence,vertical,color image,sunlight,public park,lens flare,medium-length hair,hole,one person,denim,Backgrounds,boy,male,face,hypebeast,shoe,sneaker,human,face,portrait"
a man flying through the air while riding a skateboard,Unsplash+,"August 30, 2022 (UTC)","Sports images,helmet,railing,day,one person,stunt,teenager,skill,balance,jeans,leisure activity,vertical,color image,extreme sports,one teenage boy only,outdoors,agility,riding,mid-air,teenagers only,Backgrounds,caffeinated,Coffee images,cup,surfing,sea,outdoor,Happy images & pictures,People images & pictures,human"
a man riding a skateboard down the side of a set of stairs,Unsplash+,"August 30, 2022 (UTC)","jumping,teenagers only,teenager,skill,chainlink fence,balance,leisure activity,vertical,color image,outdoors,agility,adventure,mid-air,clear sky,day,one person,side view,sunny,photography,skateboarding,Creative Commons images,Winter images & pictures,Hd snow wallpapers,outdoor,Texture backgrounds,Hq background images,Hd pattern wallpapers,insomnium,Hd wallpapers,Hq background images"
a man flying through the air while riding a skateboard,Unsplash+,"August 30, 2022 (UTC)","stunt,photography,sports helmet,t-shirt,sunny,skateboard park,hobbies,skateboarding,squatting position,full length,motion,casual clothing,skill,teenager,incidental people,one person,railing,copy space,shoe,Hd snow wallpapers,Free stock photos,Street,Hd city wallpapers,building,urban,building,architecture,Texture backgrounds,Hq background images,Hd color wallpapers"
a man riding a skateboard up the side of a ramp,Unsplash+,"August 30, 2022 (UTC)","Sports images,one person,stunt,teenager,skill,arms raised,skateboarding,horizontal,full length,balance,jeans,leisure activity,one teenage boy only,outdoors,agility,clear sky,People images & pictures,youth culture,human arm,sports ramp,Creative Commons images,automobile,Car images & pictures,vehicle,reflection,building,puddle,autumn landscape,outdoor,Fall images & pictures"
a man riding a skateboard up the side of a cement ramp,Unsplash+,"September 27, 2022 (UTC)","Sports images,clear sky,mid-air,agility,outdoors,one teenage boy only,extreme sports,color image,riding,vertical,leisure activity,front view,pants,Hd skateboard wallpapers,shoe,Sports images,clothing,apparel,footwear,leisure activities,Creative Commons images,fashion,People images & pictures,Women images & pictures,Travel images,building,Car images & pictures,creativity,work,table"
a man riding a skateboard up the side of a ramp,Unsplash+,"August 30, 2022 (UTC)","Sports images,skateboard park,riding,teenagers only,copy space,day,one person,stunt,teenager,skill,looking down,arms raised,skateboarding,balance,jeans,leisure activity,vertical,color image,one teenage boy only,outdoors,Backgrounds,People images & pictures,hand,Hd grey wallpapers,sea,Hd wave wallpapers,outdoor,Hd pastel wallpapers,Hd grey wallpapers,outdoor"
Caucasian female farmer walking through vineyards at sunrise holding basket of fresh vegetables loving work. High quality photo,Unsplash+,"April 13, 2023 (UTC)","rural scene,agriculture,walking,men,grape,affectionate,horizontal,harvesting,farm,color image,south africa,dating,winery,young adult,winemaking,Hd teen wallpapers,vegetation,Tree images & pictures,standing,soil,Free stock photos,People images & pictures,vineyard,outdoor,wine tasting,outdoor,winery,winery,wine,vineyard"
a red background with lots of black and gold objects,Unsplash+,"March 13, 2023 (UTC)","Sports images,Baseball images,Hd 3d wallpapers,Hd laptop wallpapers,digital image,3d render,render,screensaver,imac wallpaper,Hd softball wallpapers,leather,team,glove,ball,Sports images,game,play,object,league,field,Free stock photos,Cloud pictures & images,boat,sea,drink,Food images & pictures,Fruits images & pictures,Family images & photos,Hd kids wallpapers,human"
a man flying through the air while riding a skateboard,Unsplash+,"August 30, 2022 (UTC)","Sports images,skateboard park,sunny,t-shirt,side view,sports ramp,teenagers only,youth culture,People images & pictures,clear sky,mid-air,agility,outdoors,one teenage boy only,extreme sports,color image,vertical,leisure activity,balance,human,Backgrounds,Cloud pictures & images,outdoor,Hd wallpapers,urban,building,Hd city wallpapers,europe,building,Hd city wallpapers"
a tennis ball sitting on a tennis court,Unsplash+,"March 13, 2023 (UTC)","Hd softball wallpapers,Sports images,Baseball images,Hd 3d wallpapers,Sports images,Hd laptop wallpapers,digital image,3d render,render,screensaver,imac wallpaper,game,glove,team,ball,object,league,field,play,leather,Creative Commons images,Hd softball wallpapers,Sports images,glove,mlb,Sports images,Baseball images,cricket,Sports images,cricket ball"
a man holding a skateboard and wearing a helmet,Unsplash+,"August 30, 2022 (UTC)","helmet,holding,one teenage boy only,color image,vertical,leisure activity,jeans,looking away,photography,hobbies,three-quarter front view,remote location,one person,teenagers only,individuality,Black backgrounds,People images & pictures,youth culture,sports helmet,shoe,Free stock photos,Hd iphone wallpapers,plant,Hd wallpapers,automobile,Car images & pictures,vehicle,Hd blue wallpapers,outdoor,sea"
"a baseball bat, a baseball glove, and three baseballs",Unsplash+,"March 13, 2023 (UTC)","digital image,3d render,render,screensaver,imac wallpaper,Hd laptop wallpapers,full screen wallpaper,Hd 4k wallpapers,Hd iphone wallpapers,full hd wallpaper,Hd desktop wallpapers,Hq background images,Hd wallpapers,baseball cap,baseball game,play,game,Sports images,team,ball,Free pictures,Hd softball wallpapers,Sports images,glove,baseball game,Sports images,Baseball images,Hd 3d wallpapers,3d render,Hd 4k wallpapers"
a man riding a skateboard up the side of a ramp,Unsplash+,"August 30, 2022 (UTC)","youth culture,riding,People images & pictures,sports helmet,casual clothing,full length,skateboarding,photography,hobbies,skateboard park,sunny,t-shirt,sports ramp,day,human,People images & pictures,clothing,shoe,footwear,Sports images,Backgrounds,Music images & pictures,hand,People images & pictures,united state,Mountain images & pictures,Tree images & pictures,Texture backgrounds,Hd pattern wallpapers,Hd wallpapers"
"a close up of a baseball bat, glove and balls",Unsplash+,"March 13, 2023 (UTC)","cricket ball,cricket,imac wallpaper,Hd laptop wallpapers,full screen wallpaper,Hd 4k wallpapers,Hd iphone wallpapers,full hd wallpaper,Hd desktop wallpapers,Hq background images,Hd wallpapers,Sports images,ball,team,game,play,sphere,baseball glove,People images & pictures,baseball (ball),Free stock photos,cricket ball,Sports images,Hd wallpapers,cricket,Sports images,cricket ball,Hd 3d wallpapers,3d render,Hd 4k wallpapers"
a group of baseballs and a bat laying on the ground,Unsplash+,"March 13, 2023 (UTC)","Sports images,Hd 3d wallpapers,Hd wallpapers,Hq background images,Hd desktop wallpapers,full hd wallpaper,Hd iphone wallpapers,Hd 4k wallpapers,full screen wallpaper,Hd laptop wallpapers,imac wallpaper,screensaver,render,3d render,digital image,glove,league,field,Hd softball wallpapers,leather,Free images,drone,outdoor,aerial view,clean,minimal,Hq background images,outdoor,Hd grey wallpapers,rock"
Caucasian female farmer smiling after successfully picking fresh vegetables from garden standing in farmlands at sunrise. High quality photo,Unsplash+,"April 13, 2023 (UTC)","outdoors,Nature images,adults only,season,young couple,young women,hat,pants,face,People images & pictures,Happy images & pictures,smile,head,portrait,sun hat,coat,female,Women images & pictures,jeans,fun,HD Wallpapers,Book images & photos,letter,Hd grey wallpapers,Beach images & pictures,rock,sea,milkyway,Star images,night"
"A young family with little children preaparing for bike ride, putting on helmets in front of house.",Unsplash+,"September 13, 2022 (UTC)","slovakia,small,riding,parent,daughter,offspring,protection,father,mother,four people,two parents,adult,photography,wide,preparation,Women images & pictures,assistance,men,learning,Family images & photos,Free pictures,ala,cielo,naturaleza,collaboration,People images & pictures,human,le bien-être,aliment,plante"
A portrait of excited little girl with her family at backround riding bike on path in park in summer,Unsplash+,"September 13, 2022 (UTC)","bicycle,small,parent,father,mother,two parents,adult,photography,wide,preparation,Summer images & pictures,men,Family images & photos,horizontal,childhood,safety,color image,People images & pictures,slovakia,child,HD Wallpapers,Coffee images,drink,cup,Hd computer wallpapers,work,electronic,technology,electronic,Hd computer wallpapers"
"A young family with little children preaparing for bike ride, putting on helmets in front of house.",Unsplash+,"September 13, 2022 (UTC)","Family images & photos,bicycle,riding,parent,daughter,offspring,protection,father,mother,adult,slovakia,preparation,Women images & pictures,two people,assistance,men,learning,horizontal,photography,small,Public domain images,Music images & pictures,hand,People images & pictures,above,Earth images & pictures,Hd grey wallpapers,plant,Hd pink wallpapers,Flower images"
Caucasian couple crouching down smiling bonding while picking fresh vegetables on farmlands at sunrise. High quality photo,Unsplash+,"April 13, 2023 (UTC)","Women images & pictures,photography,adult,Nature images,young women,crop - plant,partnership - teamwork,couple - relationship,bonding,girlfriend,farmer,males,embracing,Fruits images & pictures,real people,togetherness,two people,vine - plant,romance,wine,Public domain images,Light backgrounds,shadow,Hd grey wallpapers,parent,People images & pictures,Hd kids wallpapers,architecture,building,Hd grey wallpapers"
Caucasian female farmer working outdoors holding vegetable basket while male colleague examines grape vines. High quality photo,Unsplash+,"April 13, 2023 (UTC)","vineyard,grape,men,photography,Nature images,adult,young women,crop - plant,couple - relationship,bonding,girlfriend,farmer,males,embracing,Fruits images & pictures,real people,Women images & pictures,two people,human relationship,female,Free stock photos,uva,frutum,natureza,odden-wine,drink,alcohol,winery,wine,vineyard"
